id,stage_id,display_name,order_index,content_source_stage_id,preview_note
1-1,1-1,花果山洞-1,1,1-1,当前章节内容已接入
1-2,1-2,花果山洞-2,2,1-1,当前暂复用 1-1 战斗内容
1-3,1-3,花果山洞-3,3,1-1,当前暂复用 1-1 战斗内容
1-4,1-4,花果山洞-4,4,1-1,当前暂复用 1-1 战斗内容
1-5,1-5,花果山洞-5,5,1-1,当前暂复用 1-1 战斗内容
1-6,1-6,花果山洞-6,6,1-1,当前暂复用 1-1 战斗内容
1-7,1-7,花果山洞-7,7,1-1,当前暂复用 1-1 战斗内容
1-8,1-8,花果山洞-8,8,1-1,当前暂复用 1-1 战斗内容
1-9,1-9,花果山洞-9,9,1-1,当前暂复用 1-1 战斗内容
1-10,1-10,花果山洞-10,10,1-1,当前暂复用 1-1 战斗内容
1-11,1-11,花果山洞-11,11,1-1,当前暂复用 1-1 战斗内容
1-12,1-12,花果山洞-12,12,1-1,当前暂复用 1-1 战斗内容
1-13,1-13,花果山洞-13,13,1-1,当前暂复用 1-1 战斗内容
1-14,1-14,花果山洞-14,14,1-1,当前暂复用 1-1 战斗内容
1-15,1-15,花果山洞-15,15,1-1,当前暂复用 1-1 战斗内容
2-1,2-1,天庭殿前-1,16,1-1,当前暂复用 1-1 战斗内容
2-2,2-2,天庭殿前-2,17,1-1,当前暂复用 1-1 战斗内容
2-3,2-3,天庭殿前-3,18,1-1,当前暂复用 1-1 战斗内容
2-4,2-4,天庭殿前-4,19,1-1,当前暂复用 1-1 战斗内容
2-5,2-5,天庭殿前-5,20,1-1,当前暂复用 1-1 战斗内容
2-6,2-6,天庭殿前-6,21,1-1,当前暂复用 1-1 战斗内容
2-7,2-7,天庭殿前-7,22,1-1,当前暂复用 1-1 战斗内容
2-8,2-8,天庭殿前-8,23,1-1,当前暂复用 1-1 战斗内容
2-9,2-9,天庭殿前-9,24,1-1,当前暂复用 1-1 战斗内容
2-10,2-10,天庭殿前-10,25,1-1,当前暂复用 1-1 战斗内容
2-11,2-11,天庭殿前-11,26,1-1,当前暂复用 1-1 战斗内容
2-12,2-12,天庭殿前-12,27,1-1,当前暂复用 1-1 战斗内容
2-13,2-13,天庭殿前-13,28,1-1,当前暂复用 1-1 战斗内容
2-14,2-14,天庭殿前-14,29,1-1,当前暂复用 1-1 战斗内容
2-15,2-15,天庭殿前-15,30,1-1,当前暂复用 1-1 战斗内容
3-1,3-1,龙宫水府-1,31,1-1,当前暂复用 1-1 战斗内容
3-2,3-2,龙宫水府-2,32,1-1,当前暂复用 1-1 战斗内容
3-3,3-3,龙宫水府-3,33,1-1,当前暂复用 1-1 战斗内容
3-4,3-4,龙宫水府-4,34,1-1,当前暂复用 1-1 战斗内容
3-5,3-5,龙宫水府-5,35,1-1,当前暂复用 1-1 战斗内容
3-6,3-6,龙宫水府-6,36,1-1,当前暂复用 1-1 战斗内容
3-7,3-7,龙宫水府-7,37,1-1,当前暂复用 1-1 战斗内容
3-8,3-8,龙宫水府-8,38,1-1,当前暂复用 1-1 战斗内容
3-9,3-9,龙宫水府-9,39,1-1,当前暂复用 1-1 战斗内容
3-10,3-10,龙宫水府-10,40,1-1,当前暂复用 1-1 战斗内容
3-11,3-11,龙宫水府-11,41,1-1,当前暂复用 1-1 战斗内容
3-12,3-12,龙宫水府-12,42,1-1,当前暂复用 1-1 战斗内容
3-13,3-13,龙宫水府-13,43,1-1,当前暂复用 1-1 战斗内容
3-14,3-14,龙宫水府-14,44,1-1,当前暂复用 1-1 战斗内容
3-15,3-15,龙宫水府-15,45,1-1,当前暂复用 1-1 战斗内容
4-1,4-1,地府黄泉-1,46,1-1,当前暂复用 1-1 战斗内容
4-2,4-2,地府黄泉-2,47,1-1,当前暂复用 1-1 战斗内容
4-3,4-3,地府黄泉-3,48,1-1,当前暂复用 1-1 战斗内容
4-4,4-4,地府黄泉-4,49,1-1,当前暂复用 1-1 战斗内容
4-5,4-5,地府黄泉-5,50,1-1,当前暂复用 1-1 战斗内容
4-6,4-6,地府黄泉-6,51,1-1,当前暂复用 1-1 战斗内容
4-7,4-7,地府黄泉-7,52,1-1,当前暂复用 1-1 战斗内容
4-8,4-8,地府黄泉-8,53,1-1,当前暂复用 1-1 战斗内容
4-9,4-9,地府黄泉-9,54,1-1,当前暂复用 1-1 战斗内容
4-10,4-10,地府黄泉-10,55,1-1,当前暂复用 1-1 战斗内容
4-11,4-11,地府黄泉-11,56,1-1,当前暂复用 1-1 战斗内容
4-12,4-12,地府黄泉-12,57,1-1,当前暂复用 1-1 战斗内容
4-13,4-13,地府黄泉-13,58,1-1,当前暂复用 1-1 战斗内容
4-14,4-14,地府黄泉-14,59,1-1,当前暂复用 1-1 战斗内容
4-15,4-15,地府黄泉-15,60,1-1,当前暂复用 1-1 战斗内容
5-1,5-1,灵山寺下-1,61,1-1,当前暂复用 1-1 战斗内容
5-2,5-2,灵山寺下-2,62,1-1,当前暂复用 1-1 战斗内容
5-3,5-3,灵山寺下-3,63,1-1,当前暂复用 1-1 战斗内容
5-4,5-4,灵山寺下-4,64,1-1,当前暂复用 1-1 战斗内容
5-5,5-5,灵山寺下-5,65,1-1,当前暂复用 1-1 战斗内容
5-6,5-6,灵山寺下-6,66,1-1,当前暂复用 1-1 战斗内容
5-7,5-7,灵山寺下-7,67,1-1,当前暂复用 1-1 战斗内容
5-8,5-8,灵山寺下-8,68,1-1,当前暂复用 1-1 战斗内容
5-9,5-9,灵山寺下-9,69,1-1,当前暂复用 1-1 战斗内容
5-10,5-10,灵山寺下-10,70,1-1,当前暂复用 1-1 战斗内容
5-11,5-11,灵山寺下-11,71,1-1,当前暂复用 1-1 战斗内容
5-12,5-12,灵山寺下-12,72,1-1,当前暂复用 1-1 战斗内容
5-13,5-13,灵山寺下-13,73,1-1,当前暂复用 1-1 战斗内容
5-14,5-14,灵山寺下-14,74,1-1,当前暂复用 1-1 战斗内容
5-15,5-15,灵山寺下-15,75,1-1,当前暂复用 1-1 战斗内容
